INSERT INTO Account VALUES('FE49A440-5083-41E0-8499-0D206C4836E6','Mon Dec 13 23:17:16 2010','2764C648-EE75-4C5C-B3A6-306E2901FD08',1,'Mon Dec 13 23:17:16 2010','78C17AB3-711E-4590-87A4-6139E8FFAC2D','9FDBC117-7C2C-46BD-B149-88A7D36B6516');
INSERT INTO Account VALUES('E476DC7E-C128-49F8-B6FA-C5D52AAA496A','Mon Dec 13 23:17:16 2010','2764C648-EE75-4C5C-B3A6-306E2901FD08',1,'Mon Dec 13 23:17:16 2010','1BCD5EC3-172B-4833-BC44-8386E70C6B99','9FDBC117-7C2C-46BD-B149-88A7D36B6516');
INSERT INTO Account VALUES('ED51DB22-8F15-4D34-86CF-8541FDC41EAD','Mon Dec 13 23:17:16 2010','2764C648-EE75-4C5C-B3A6-306E2901FD08',1,'Mon Dec 13 23:17:16 2010','3A46EDA3-8EDE-472D-8B43-68EE08366C9F','9FDBC117-7C2C-46BD-B149-88A7D36B6516');
INSERT INTO Account VALUES('BE8C1164-4903-42EC-ACDC-30689C83C663','Mon Dec 13 23:17:16 2010','523D02FE-4176-466A-BF16-9AE29220A748',0,'Mon Dec 13 23:17:16 2010','3A46EDA3-8EDE-472D-8B43-68EE08366C9F','63AB2FC6-2031-44EC-8CC3-6CEAB98B54A7');
INSERT INTO Account VALUES('284C2E7F-524A-E7B9-56DB-C867707BE951','2010-12-13 22:17:55','38748028-F6E4-C2AA-CD47-DED738874304',1,'2010-12-13 22:17:55','78C17AB3-711E-4590-87A4-6139E8FFAC2D','9FDBC117-7C2C-46BD-B149-88A7D36B6516');
INSERT INTO Account VALUES('E0BDC7D6-F49E-0A33-2243-653A8B2C2458','2010-12-13 22:50:35','40C0D4FD-E4A7-0852-EF6D-849F6EFE5BA0',1,'2010-12-13 22:50:35','78C17AB3-711E-4590-87A4-6139E8FFAC2D','9FDBC117-7C2C-46BD-B149-88A7D36B6516');
INSERT INTO Policy VALUES('F2D91454-7CDB-4B71-A9B6-8478E8127E62','Mon Dec 13 23:17:16 2010','','Mon Dec 13 23:17:16 2010','78C17AB3-711E-4590-87A4-6139E8FFAC2D','System Role','111');
INSERT INTO Policy VALUES('EDB76080-9C11-4146-A742-3B0723481D90','Mon Dec 13 23:17:16 2010','','Mon Dec 13 23:17:16 2010','3A46EDA3-8EDE-472D-8B43-68EE08366C9F','Generic Role','100');
INSERT INTO Resource VALUES('72EEBADA-E68A-43B3-B17E-9D3926D96AAD','draft','__Payload_Data__','A draft model','Mon Dec 13 23:17:16 2010','','internal.draft','Mon Dec 13 23:17:16 2010',1);
INSERT INTO Role VALUES('78C17AB3-711E-4590-87A4-6139E8FFAC2D','Mon Dec 13 23:17:16 2010','role-web-admin','Mon Dec 13 23:17:16 2010','System administration tasks');
INSERT INTO Role VALUES('1BCD5EC3-172B-4833-BC44-8386E70C6B99','Mon Dec 13 23:17:16 2010','role-commandline','Mon Dec 13 23:17:16 2010','System administration tasks');
INSERT INTO Role VALUES('3A46EDA3-8EDE-472D-8B43-68EE08366C9F','Mon Dec 13 23:17:16 2010','role-generic','Mon Dec 13 23:17:16 2010','Generic tasks');
INSERT INTO Usergroup VALUES('9FDBC117-7C2C-46BD-B149-88A7D36B6516','Mon Dec 13 23:17:16 2010','group-users','Mon Dec 13 23:17:16 2010','Generic users group');
INSERT INTO Usergroup VALUES('63AB2FC6-2031-44EC-8CC3-6CEAB98B54A7','Mon Dec 13 23:17:16 2010','group-wheel','Mon Dec 13 23:17:16 2010','System administration user group');
INSERT INTO User VALUES('2764C648-EE75-4C5C-B3A6-306E2901FD08','','Mon Dec 13 23:17:16 2010','dc76e9f0c0006e8f919e0c515c66dbba3982f785','root','root','Mon Dec 13 23:17:16 2010','user');
INSERT INTO User VALUES('523D02FE-4176-466A-BF16-9AE29220A748','','Mon Dec 13 23:17:16 2010','da39a3ee5e6b4b0d3255bfef95601890afd80709','test','test','Mon Dec 13 23:17:16 2010','user');
